name,Decade,count,unique,min,max,range,sum,mean,median,stddev,minority,majority,q1,q3,iqr
W1,1950,10,10,0.0250171614267546,0.0563123297567161,0.0312951683299615,0.384895965922618,0.0384895965922618,0.0365431704461413,0.00875459983477344,0.0250171614267546,0.0250171614267546,0.0320543441533416,0.0467961595859374,0.0147418154325958
W3,1950,10,10,0.0308734927872819,0.0639268648446066,0.0330533720573247,0.447552263459528,0.0447552263459528,0.0421970652587118,0.00964380019321787,0.0308734927872819,0.0308734927872819,0.0376891666047526,0.0538335912388501,0.0161444246340975
W21,1950,10,10,0.0337337875682248,0.0668409180466782,0.0331071304784534,0.475333076027092,0.0475333076027092,0.0473125040772295,0.0102226633140357,0.0337337875682248,0.0337337875682248,0.0401869488696971,0.0533266674617096,0.0131397185920125
W13,1950,10,10,0.027457626140732,0.0641536350228137,0.0366960088820817,0.436252169611757,0.0436252169611757,0.0427388174036204,0.0112212483185877,0.027457626140732,0.027457626140732,0.0348468300526222,0.0531815609563333,0.0183347309037111
W27,1950,10,10,0.0287344449898222,0.0662016168935219,0.0374671719036997,0.455142849677936,0.0455142849677935,0.0438503934710748,0.0109577075276925,0.0287344449898222,0.0287344449898222,0.0366416354663664,0.0560345032718027,0.0193928678054363
W19,1950,10,10,0.0342347108678102,0.0707598258306608,0.0365251149628506,0.507584794812348,0.0507584794812348,0.0477009230403247,0.00971881333111947,0.0342347108678102,0.0342347108678102,0.0468138451265465,0.0569305226390235,0.010116677512477
W2,1950,10,10,0.0529615085882439,0.0926824799583598,0.0397209713701159,0.710562666334827,0.0710562666334827,0.0717710433042758,0.0107542398088523,0.0529615085882439,0.0529615085882439,0.0652425475224536,0.0726037916804967,0.0073612441580431
W11,1950,10,10,0.0399797061758207,0.0786453061014224,0.0386655999256017,0.578693335255808,0.0578693335255808,0.0570116415989835,0.0102086621417485,0.0399797061758207,0.0399797061758207,0.0525329149360601,0.0615017013397897,0.0089687864037296
W26,1950,10,10,0.0340510392845936,0.0722253299215409,0.0381742906369473,0.514520957563143,0.0514520957563143,0.0490316520087633,0.0104054557535241,0.0340510392845936,0.0340510392845936,0.0449490026592169,0.0593529101301557,0.0144039074709388
W20,1950,10,10,0.0425545758729597,0.0813826372817147,0.038828061408755,0.603666918152301,0.0603666918152301,0.0585027513804225,0.0104791053695856,0.0425545758729597,0.0425545758729597,0.0556024395570582,0.0662787458080077,0.0106763062509495
W6,1950,10,10,0.0246363353217015,0.0570297921076413,0.0323934567859398,0.382599672244391,0.038259967224439,0.0377191375106722,0.00932933724336588,0.0246363353217015,0.0246363353217015,0.0321294507399818,0.0443015077617014,0.0121720570217196
W32,1950,10,10,0.0376150821709934,0.075973904166387,0.0383588219953936,0.551395186501559,0.0551395186501559,0.0536572962493762,0.0107080538246913,0.0376150821709934,0.0376150821709934,0.0472046078699908,0.0635809948402102,0.0163763869702194
W12,1950,10,10,0.0536683322489883,0.0878953889073447,0.0342270566583564,0.685379584679176,0.0685379584679176,0.0673179593176161,0.0096044560052866,0.0536683322489883,0.0536683322489883,0.064037562051346,0.0746331269441116,0.0105955648927656
W33,1950,10,10,0.0297922539216649,0.0645757733839759,0.034783519462311,0.452001468994606,0.0452001468994606,0.0447486027461463,0.0099105769303816,0.0297922539216649,0.0297922539216649,0.0367808993817598,0.0538168599792516,0.0170359605974918
W14,1950,10,10,0.0544526154073892,0.0871075543465627,0.0326549389391735,0.697201054977646,0.0697201054977646,0.0687511959737979,0.00902254788292622,0.0544526154073892,0.0544526154073892,0.0647044270481933,0.073110355845807,0.00840592879761369
W28,1950,10,10,0.0449768163349702,0.0802047188363577,0.0352279025013875,0.617890246838888,0.0617890246838888,0.0616833301069189,0.00936178505834924,0.0449768163349702,0.0449768163349702,0.0563777389089759,0.0661503616494018,0.0097726227404259
W23,1950,10,10,0.0374044160639731,0.0717679333834035,0.0343635173194304,0.531400994854945,0.0531400994854945,0.0524494257537415,0.00913064160406474,0.0374044160639731,0.0374044160639731,0.0474772494228561,0.0600184223656046,0.0125411729427485
W34,1950,10,10,0.0450555603601965,0.080294375075027,0.0352388147148305,0.618801956472447,0.0618801956472447,0.0617736711283208,0.00936625881045533,0.0450555603601965,0.0450555603601965,0.0564485384966241,0.0662146868417032,0.0097661483450791
W37,1950,10,10,0.0403291851075785,0.0774100705073238,0.0370808853997453,0.578967013951718,0.0578967013951718,0.0581182288924759,0.00976408111999716,0.0403291851075785,0.0403291851075785,0.0523045446541767,0.0636184134758882,0.0113138688217115
W36,1950,10,10,0.0655850689508945,0.103034541476518,0.0374494725256235,0.851790556087503,0.0851790556087503,0.084786916035227,0.0112995807833995,0.0655850689508945,0.0655850689508945,0.074603073939215,0.0944215261260975,0.0198184521868825
W10,1950,10,10,0.0459291521547123,0.091346214234363,0.0454170620796507,0.667127571537998,0.0667127571537998,0.0661464749755391,0.0121644975770191,0.0459291521547123,0.0459291521547123,0.0591047747439001,0.0745260680560017,0.0154212933121016
W25,1950,10,10,0.0619072628425712,0.103197526428145,0.0412902635855738,0.835656278087174,0.0835656278087174,0.083618618622597,0.0119798882548557,0.0619072628425712,0.0619072628425712,0.0727201968718101,0.0923590014361227,0.0196388045643126
W4,1950,10,10,0.0732632332820223,0.104317086368062,0.0310538530860397,0.871513867085428,0.0871513867085427,0.0872537742471028,0.00892334947432308,0.0732632332820223,0.0732632332820223,0.0831777692660928,0.0912204893949443,0.0080427201288515
W5,1950,10,10,0.0986406768109726,0.144391408362326,0.0457507315513534,1.20937663226123,0.120937663226123,0.120648050469997,0.0120130946159137,0.0986406768109726,0.0986406768109726,0.114591899385295,0.126629285881038,0.012037386495743
W29,1950,10,10,0.0911634038857552,0.131534442902688,0.0403710390169328,1.10303095372832,0.110303095372832,0.109906760068183,0.0123591124998804,0.0911634038857552,0.0911634038857552,0.102478947456227,0.117489558564294,0.015010611108067
W22,1950,10,10,0.0800108550519532,0.118673803437482,0.0386629483855288,0.99038210179523,0.099038210179523,0.0980317097362103,0.0118326920132756,0.0800108550519532,0.0800108550519532,0.0898089725568338,0.107349489086575,0.0175405165297412
W17,1950,10,10,0.0764764740021387,0.117657509414995,0.0411810354128563,0.972558296891606,0.0972558296891606,0.0970875920610258,0.012158628331279,0.0764764740021387,0.0764764740021387,0.0879964000894391,0.105299065251286,0.0173026651618469
W31,1950,10,10,0.0605331799597472,0.104119316209107,0.0435861362493598,0.834826891441475,0.0834826891441476,0.0837747863406543,0.0124911681334056,0.0605331799597472,0.0605331799597472,0.0723210393334735,0.0922883801977147,0.0199673408642412
W7,1950,10,10,0.0772064465912055,0.128993381994223,0.0517869354030175,1.00784999663001,0.100784999663001,0.101138343777376,0.0142629331647237,0.0772064465912055,0.0772064465912055,0.090916262576651,0.110424068210872,0.019507805634221
W16,1950,10,10,0.0650585614553387,0.111123279295122,0.0460647178397833,0.878601097203535,0.0878601097203535,0.0877935661594821,0.0127191178300426,0.0650585614553387,0.0650585614553387,0.0790612750284752,0.0938744803530037,0.0148132053245285
W24,1950,10,10,0.108459189417771,0.162222613580525,0.053763424162754,1.33766480531388,0.133766480531388,0.133523855319557,0.0152268576154778,0.108459189417771,0.108459189417771,0.127834752357254,0.144884846483668,0.017050094126414
W9,1950,10,10,0.26200115851437,0.372036999712388,0.110035841198018,3.2108638806579,0.32108638806579,0.330862235976383,0.0368674189686524,0.26200115851437,0.26200115851437,0.284127501149972,0.349849432706833,0.065721931556861
W15,1950,10,10,0.112901837254564,0.178780830154816,0.065878992900252,1.47625260947582,0.147625260947582,0.143661441514268,0.0176361203866793,0.112901837254564,0.112901837254564,0.137915686316167,0.15811809261019,0.020202406294023
W35,1950,10,10,0.109099086311948,0.168977779985009,0.059878693673061,1.40251080797187,0.140251080797187,0.137631712129767,0.0156951574467756,0.109099086311948,0.109099086311948,0.133798585183864,0.151825557317446,0.018026972133582
W8,1950,10,10,0.150454476475715,0.233286022208631,0.082831545732916,1.96266410010867,0.196266410010867,0.195455352077261,0.0241578924741374,0.150454476475715,0.150454476475715,0.181009492138401,0.215344845317304,0.034335353178903
W18,1950,10,10,0.253692932892591,0.36470268201083,0.111009749118239,3.1460905005224,0.31460905005224,0.322767848847433,0.0365365780004199,0.253692932892591,0.253692932892591,0.277244662865996,0.345223135314882,0.067978472448886
W30,1950,10,10,0.214686246676137,0.313737406162545,0.099051159486408,2.65510075323982,0.265510075323982,0.27555019967258,0.0334297933922264,0.214686246676137,0.214686246676137,0.228692434495315,0.292007820738945,0.06331538624363
W1,1960,10,10,0.0277537619452529,0.0475218736877038,0.0197681117424509,0.326692450723683,0.0326692450723683,0.030145395835764,0.00617586824051913,0.0277537619452529,0.0277537619452529,0.0285008805027847,0.0339770532057925,0.0054761727030078
W3,1960,10,10,0.0345475171555685,0.0561412516909863,0.0215937345354178,0.395332667841479,0.0395332667841479,0.036225627777454,0.00683026753720353,0.0345475171555685,0.0345475171555685,0.0352633016676212,0.0407084061041272,0.005445104436506
W21,1960,10,10,0.0331909788928941,0.0588268283355777,0.0256358494426836,0.399287135681624,0.0399287135681624,0.0369900549652439,0.0073290895106945,0.0331909788928941,0.0331909788928941,0.0365230364781194,0.0387022311698605,0.0021791946917411
W13,1960,10,10,0.0287762212114476,0.050342955162545,0.0215667339510974,0.341444227116417,0.0341444227116417,0.0317095768924378,0.00648947025653346,0.0287762212114476,0.0287762212114476,0.0297813590691187,0.0350897252845786,0.0053083662154599
W27,1960,10,10,0.0305881938111264,0.0518716381629925,0.0212834443518661,0.36292625208443,0.036292625208443,0.0336998350830977,0.00623182505605985,0.0305881938111264,0.0305881938111264,0.0324192054977168,0.0359999343927479,0.0035807288950311
W19,1960,10,10,0.0359547761690302,0.058912551663308,0.0229577754942778,0.440731166199637,0.0440731166199637,0.0416003352692887,0.00641914314678498,0.0359547761690302,0.0359547761690302,0.0404705188003258,0.0474332871895716,0.0069627683892458
W2,1960,10,10,0.0507296782840658,0.0770205100222175,0.0262908317381517,0.633425137066898,0.0633425137066898,0.0643486268430322,0.00820158712973874,0.0507296782840658,0.0507296782840658,0.0577084464215049,0.0688055898838982,0.0110971434623933
W11,1960,10,10,0.0407338840476362,0.0655802100696121,0.0248463260219759,0.510302540741277,0.0510302540741277,0.0496791968193276,0.00698314734079454,0.0407338840476362,0.0407338840476362,0.0469684496949501,0.0562439866673116,0.0092755369723615
W26,1960,10,10,0.0352124682749454,0.0581061448594546,0.0228936765845092,0.431974872048291,0.0431974872048291,0.0411029360473958,0.00624767757915215,0.0352124682749454,0.0352124682749454,0.0395495911966886,0.0454393735017809,0.0058897823050923
W20,1960,10,10,0.041551998214369,0.0650832335396289,0.0235312353252599,0.513336837998297,0.0513336837998297,0.0511478826117302,0.00650619428833034,0.041551998214369,0.041551998214369,0.0460749903838804,0.0557261126396795,0.0096511222557991
W6,1960,10,10,0.0254039034868274,0.0467137637703363,0.0213098602835089,0.310967339581106,0.0310967339581106,0.0288244229547364,0.00632463338033553,0.0254039034868274,0.0254039034868274,0.0280324644409113,0.0298576428225103,0.001825178381599
W32,1960,10,10,0.0363887993623682,0.0583340974918076,0.0219452981294394,0.449134468200554,0.0449134468200554,0.0435684644655532,0.00580473870334685,0.0363887993623682,0.0363887993623682,0.0420182813796612,0.0469364603438648,0.00491817896420359
W12,1960,10,10,0.0494076439796873,0.0710793119420044,0.0216716679623171,0.596935192038868,0.0596935192038868,0.0599049754958556,0.0064501476895914,0.0494076439796873,0.0494076439796873,0.0538710716889092,0.0648029319212433,0.0109318602323341
W33,1960,10,10,0.0297588776054094,0.0505481261043289,0.0207892484989195,0.365091566974907,0.0365091566974907,0.0352203197762752,0.00570346570642107,0.0297588776054094,0.0297588776054094,0.0330527666203428,0.0361731963726107,0.00312042975226789
W14,1960,10,10,0.0521719588935984,0.0734032063862455,0.0212312474926471,0.640216703214083,0.0640216703214083,0.0654915296639394,0.00624842110910587,0.0521719588935984,0.0521719588935984,0.0591011185694525,0.0686182129669174,0.0095170943974649
W28,1960,10,10,0.0448544486336396,0.066672709911906,0.0218182612782664,0.555651831474234,0.0555651831474234,0.0564053016508851,0.00588612241049847,0.0448544486336396,0.0448544486336396,0.0512274348915073,0.0581660967208863,0.006938661829379
W23,1960,10,10,0.0376365356274561,0.0592881301714401,0.021651594543984,0.465093542663556,0.0465093542663556,0.0459576227058291,0.00571309442201798,0.0376365356274561,0.0376365356274561,0.0429726981063622,0.0472410266425265,0.0042683285361643
W34,1960,10,10,0.0449302784400056,0.066750957164913,0.0218206787249074,0.556610816071038,0.0556610816071038,0.0565131296752946,0.00589043672968066,0.0449302784400056,0.0449302784400056,0.0513159075635478,0.0582822440192097,0.0069663364556619
W37,1960,10,10,0.0410231012389431,0.0633105294515296,0.0222874282125865,0.514645595708174,0.0514645595708174,0.0511569578268205,0.006069153573427,0.0410231012389431,0.0410231012389431,0.0474550453682649,0.0536155429751933,0.0061604976069284
W36,1960,10,10,0.0646585587819567,0.0901234583579932,0.0254648995760365,0.803826281917276,0.0803826281917276,0.0829414583859029,0.00805225103356447,0.0646585587819567,0.0646585587819567,0.0737317996099586,0.0871097729541355,0.0133779733441769
W10,1960,10,10,0.0459513635614706,0.0712615333031858,0.0253101697417152,0.599664005309017,0.0599664005309017,0.0594660847491462,0.00755268739432545,0.0459513635614706,0.0459513635614706,0.0545289917135954,0.0656439707963722,0.0111149790827768
W25,1960,10,10,0.0619390516974425,0.087765620562468,0.0258265688650255,0.779114545149472,0.0779114545149472,0.0807344867793748,0.00806808446700808,0.0619390516974425,0.0619390516974425,0.0708969487312301,0.0850371074406766,0.0141401587094465
W4,1960,10,10,0.0689188736047984,0.0944293612772598,0.0255104876724614,0.813782805668195,0.0813782805668195,0.0812089019329164,0.00837821508195417,0.0689188736047984,0.0689188736047984,0.0722795601953861,0.0896109982170977,0.0173314380217116
W5,1960,10,10,0.0866688467167891,0.130544454428495,0.0438756077117059,1.10893242905177,0.110893242905177,0.114726700384369,0.0140750208577639,0.0866688467167891,0.0866688467167891,0.0959013659830248,0.120626034448987,0.0247246684659622
W29,1960,10,10,0.0853426698058748,0.116691096241444,0.0313484264355692,1.02944415817039,0.102944415817039,0.103966817296729,0.0110049940084101,0.0853426698058748,0.0853426698058748,0.0916523970712813,0.114569463916243,0.0229170668449617
W22,1960,10,10,0.0793092744546831,0.103864411630342,0.0245551371756589,0.929062711347856,0.0929062711347856,0.0927851260008127,0.00931848197608174,0.0793092744546831,0.0793092744546831,0.0839308688508858,0.102137755567694,0.0182068867168082
W17,1960,10,10,0.0767551976770481,0.101541775412777,0.0247865777357289,0.904968738593706,0.0904968738593706,0.0907972755459497,0.00896600498629058,0.0767551976770481,0.0767551976770481,0.0822118312833475,0.0992382436207285,0.017026412337381
W31,1960,10,10,0.0610793520172587,0.0875528925680551,0.0264735405507964,0.773692974005822,0.0773692974005822,0.0796854671207252,0.00822725831013468,0.0610793520172587,0.0610793520172587,0.070497489214176,0.0845655039884147,0.0140680147742387
W7,1960,10,10,0.0744526040832622,0.102600630070447,0.0281480259871848,0.887248201774755,0.0887248201774755,0.091362478603725,0.00953477396947961,0.0744526040832622,0.0744526040832622,0.0798299060709279,0.0968345198935657,0.0170046138226378
W16,1960,10,10,0.0657867322134988,0.0899350281196385,0.0241482959061397,0.804187399339153,0.0804187399339153,0.0814568882503405,0.00838891800831157,0.0657867322134988,0.0657867322134988,0.0735346959317413,0.0883623074809609,0.0148276115492196
W24,1960,10,10,0.0919735966405518,0.139371099726607,0.0473975030860552,1.18857465086815,0.118857465086815,0.124238119538252,0.015397306668348,0.0919735966405518,0.0919735966405518,0.104286512437587,0.130568154621869,0.026281642184282
W9,1960,10,10,0.17038232468379,0.320945399502913,0.150563074819123,2.61095877480693,0.261095877480693,0.268466994088764,0.0519071731972734,0.17038232468379,0.17038232468379,0.226236862596124,0.311566887889057,0.085330025292933
W15,1960,10,10,0.0886159359167014,0.1645947607855,0.0759788248687986,1.31694213650189,0.131694213650189,0.138964757633705,0.0254897528646553,0.0886159359167014,0.0886159359167014,0.108407649754857,0.152822214954843,0.044414565199986
W35,1960,10,10,0.0890080247239227,0.154092926302294,0.0650849015783713,1.26171941534928,0.126171941534928,0.132186115866291,0.0216271103468242,0.0890080247239227,0.0890080247239227,0.105783427362181,0.142199117903984,0.036415690541803
W8,1960,10,10,0.107432392658665,0.216182908043265,0.1087505153846,1.69883258920163,0.169883258920163,0.176970249623991,0.0369879906829535,0.107432392658665,0.107432392658665,0.141094443155452,0.204030473250896,0.062936030095444
W18,1960,10,10,0.163926910143345,0.319928201846778,0.156001291703433,2.57638203701935,0.257638203701935,0.264726003166288,0.053804061872179,0.163926910143345,0.163926910143345,0.221093599218875,0.310423959512264,0.089330360293389
W30,1960,10,10,0.137764098515618,0.267346024163999,0.129581925648381,2.12095192795096,0.212095192795096,0.214717718656175,0.0440980886621317,0.137764098515618,0.137764098515618,0.183713481965242,0.253699445980601,0.069985964015359
W1,1970,10,10,0.0346635633419885,0.0492120449586457,0.0145484816166572,0.428484860206173,0.0428484860206173,0.0421504525002087,0.00423912247275212,0.0346635633419885,0.0346635633419885,0.040557951976855,0.0461066851081943,0.0055487331313393
W3,1970,10,10,0.0407815106290573,0.0556358830072981,0.0148543723782408,0.493423915914929,0.0493423915914929,0.0475470209091167,0.00452689585285863,0.0407815106290573,0.0407815106290573,0.0466673574313271,0.0540586253862914,0.0073912679549643
W21,1970,10,10,0.0417972488514936,0.0593496659887047,0.0175524171372111,0.519847988286838,0.0519847988286838,0.051796742597027,0.00483464381184598,0.0417972488514936,0.0417972488514936,0.0500117912757668,0.0558781031872413,0.0058663119114745
W13,1970,10,10,0.0352122064550467,0.0538838717979854,0.0186716653429387,0.451908722130166,0.0451908722130166,0.0442761046205541,0.00543656973850092,0.0352122064550467,0.0352122064550467,0.0410199773327918,0.0486922600198252,0.0076722826870334
W27,1970,10,10,0.0371843431785232,0.0569736931938673,0.0197893500153441,0.469936076289736,0.0469936076289736,0.0452206875197585,0.00565678457659409,0.0371843431785232,0.0371843431785232,0.0437276330194431,0.0515288099413733,0.0078011769219302
W19,1970,10,10,0.0450202770714029,0.0639405044777368,0.0189202274063339,0.540160176864179,0.0540160176864179,0.0534487067520226,0.0063004576055574,0.0450202770714029,0.0450202770714029,0.0491631630703155,0.0594046749831552,0.0102415119128397
W2,1970,10,10,0.0600751644621288,0.0884406892582771,0.0283655247961483,0.729696941794823,0.0729696941794823,0.0705236014521987,0.00996435165116593,0.0600751644621288,0.0600751644621288,0.0631655020018413,0.0823579148078954,0.0191924128060541
W11,1970,10,10,0.0512141018803326,0.0728984943024129,0.0216843924220803,0.608394843057498,0.0608394843057498,0.0593047523976898,0.00796345909249375,0.0512141018803326,0.0512141018803326,0.0531328452270637,0.0675813007802014,0.0144484555531377
W26,1970,10,10,0.0438786024720539,0.0646048442943316,0.0207262418222777,0.534364958172574,0.0534364958172574,0.0529504462372251,0.00649302331580921,0.0438786024720539,0.0438786024720539,0.0479619874764678,0.0587153991006886,0.0107534116242208
W20,1970,10,10,0.0514497807277189,0.0725772131588891,0.0211274324311702,0.612817995246417,0.0612817995246417,0.0612307145007998,0.00770686056110994,0.0514497807277189,0.0514497807277189,0.0528965994473796,0.0679185246118811,0.0150219251645015
W6,1970,10,10,0.0323558008531103,0.0493995960957058,0.0170437952425955,0.424866998257731,0.0424866998257731,0.0422498558570314,0.00490099464867432,0.0323558008531103,0.0323558008531103,0.0399197468456496,0.0473708185988163,0.0074510717531667
W32,1970,10,10,0.0451385150911473,0.0662149859415148,0.0210764708503675,0.551308615317001,0.0551308615317001,0.0554166360133112,0.00684344290881123,0.0451385150911473,0.0451385150911473,0.0482363152908621,0.0608700724896149,0.0126337571987528
W12,1970,10,10,0.0587122389798578,0.0793689530909503,0.0206567141110925,0.685550609413921,0.0685550609413921,0.0694716653846272,0.00768139587699644,0.0587122389798578,0.0587122389798578,0.0590681601956906,0.0757200782091004,0.0166519180134098
W33,1970,10,10,0.0371637115396351,0.0546577859297897,0.0174940743901546,0.471314009383369,0.0471314009383369,0.0456441522948786,0.00513610971313752,0.0371637115396351,0.0371637115396351,0.0440891164791607,0.052120349703045,0.0080312332238843
W14,1970,10,10,0.0619261363520879,0.0811562659609928,0.0192301296089049,0.714387370669774,0.0714387370669774,0.0694754894405843,0.00704985727830905,0.0619261363520879,0.0619261363520879,0.0645912734513163,0.079780495291098,0.0151892218397817
W28,1970,10,10,0.0549782674549989,0.0739823392673509,0.019004071812352,0.643276491568,0.0643276491568,0.0624229659800189,0.006165810207604,0.0549782674549989,0.0549782674549989,0.0600675558677748,0.0714611033695311,0.0113935475017563
W23,1970,10,10,0.0465922893915097,0.0649747048706549,0.0183824154791452,0.562629456403042,0.0562629456403042,0.0546691828568302,0.00552198670912813,0.0465922893915097,0.0465922893915097,0.0529631280040129,0.0625396845947329,0.00957655659072
W34,1970,10,10,0.0550672488752748,0.0740786138921973,0.0190113650169225,0.644133813795629,0.0644133813795629,0.0625012433156366,0.00617360104766827,0.0550672488752748,0.0550672488752748,0.0601473348215219,0.0715558778028929,0.011408542981371
W37,1970,10,10,0.0512842875341328,0.0708468989603834,0.0195626114262506,0.609922238008203,0.0609922238008203,0.0590772822417542,0.00590629226067506,0.0512842875341328,0.0512842875341328,0.0578555497309988,0.0676061998977837,0.0097506501667849
W36,1970,10,10,0.0736920096678654,0.098793264944106,0.0251012552762406,0.865297445678148,0.0865297445678148,0.0831147698918353,0.00857313082695673,0.0736920096678654,0.0736920096678654,0.0806132117286322,0.0960713725071398,0.0154581607785076
W10,1970,10,10,0.0588854687812266,0.0811558357090685,0.0222703669278419,0.696412419085386,0.0696412419085386,0.0684288096526866,0.00656228207524303,0.0588854687812266,0.0588854687812266,0.0657340901088896,0.0771107140462841,0.0113766239373945
W25,1970,10,10,0.073234531331152,0.0981657464696659,0.0249312151385139,0.847799496256832,0.0847799496256832,0.081597162828641,0.00822232700961757,0.073234531331152,0.073234531331152,0.0801420008216661,0.0936800718653112,0.0135380710436451
W4,1970,10,10,0.0747108294422906,0.101735897360692,0.0270250679184014,0.885111306198224,0.0885111306198224,0.0857431798773904,0.00970693584661208,0.0747108294422906,0.0747108294422906,0.0800345009803917,0.0989593297968386,0.0189248288164469
W5,1970,10,10,0.107000669074894,0.13994233425444,0.032941665179546,1.25124236620897,0.125124236620897,0.125279602910143,0.0123080953364932,0.107000669074894,0.107000669074894,0.112249789980132,0.139154569238721,0.026904779258589
W29,1970,10,10,0.095818413178707,0.127469827393482,0.031651414214775,1.13139789281526,0.113139789281526,0.111937643860308,0.0109492540188193,0.095818413178707,0.095818413178707,0.10376601665175,0.123856282104361,0.020090265452611
W22,1970,10,10,0.0857765715913642,0.114509471952559,0.0287329003611948,1.01145256078072,0.101145256078072,0.0988764086731369,0.00985466775335835,0.0857765715913642,0.0857765715913642,0.0933455843655649,0.111354969360142,0.0180093849945771
W17,1970,10,10,0.0845820693375126,0.112660787437178,0.0280787180996654,0.991457956803461,0.0991457956803461,0.0970429172473928,0.00951786900709368,0.0845820693375126,0.0845820693375126,0.0923526818973151,0.109083690972772,0.0167310090754569
W31,1970,10,10,0.0734984659356991,0.0987672153860328,0.0252687494503337,0.845574678736735,0.0845574678736735,0.0814648595405738,0.00817928529360349,0.0734984659356991,0.0734984659356991,0.0803671269677575,0.0931703771930184,0.0128032502252609
W7,1970,10,10,0.0896774569616641,0.116925218489566,0.0272477615279019,1.03456805351498,0.103456805351498,0.102916800973939,0.00931903426732937,0.0896774569616641,0.0896774569616641,0.0963302835695703,0.11300400624205,0.0166737226724797
W16,1970,10,10,0.0786526055485473,0.103576352415088,0.0249237468665407,0.898133022495665,0.0898133022495665,0.0874967671114962,0.00833867611882654,0.0786526055485473,0.0786526055485473,0.0848412768097174,0.0986924893717911,0.0138512125620737
W24,1970,10,10,0.119051183884342,0.156077651462207,0.037026467577865,1.38175676212025,0.138175676212025,0.141255433205515,0.0130491854650373,0.119051183884342,0.119051183884342,0.127186964654053,0.149697181923936,0.022510217269883
W9,1970,10,10,0.278507098245124,0.382670076563954,0.10416297831883,3.26796891540289,0.326796891540289,0.328225648806741,0.037693893452268,0.278507098245124,0.278507098245124,0.286490179443111,0.358109874495616,0.071619695052505
W15,1970,10,10,0.136296908992032,0.17326058804368,0.036963679051648,1.57407992659136,0.157407992659136,0.164272672031074,0.0152148443503572,0.136296908992032,0.136296908992032,0.139882226319362,0.172617841201524,0.032735614882162
W35,1970,10,10,0.128418182409335,0.163904030842825,0.03548584843349,1.48384940418979,0.148384940418979,0.153674683744976,0.0142525955395327,0.128418182409335,0.128418182409335,0.13283994224775,0.162447193079952,0.029607250832202
W8,1970,10,10,0.179065072210505,0.23587445076555,0.056809378555045,2.08729533711448,0.208729533711448,0.215785043896175,0.0218038148823292,0.179065072210505,0.179065072210505,0.187041227705776,0.228459045290947,0.041417817585171
W18,1970,10,10,0.275335875339806,0.375530257821083,0.100194382481277,3.22684239689261,0.322684239689261,0.325278586242348,0.0370292281730643,0.275335875339806,0.275335875339806,0.283137239515781,0.354335505515337,0.071198265999556
W30,1970,10,10,0.226872421510052,0.320122872304637,0.093250450794585,2.69082931632874,0.269082931632875,0.268102406553225,0.0347162467608566,0.226872421510052,0.226872421510052,0.233036693418398,0.301728644233663,0.068691950815265
W1,1980,10,10,0.021787517316018,0.0431691940951465,0.0213816767791285,0.345920899359038,0.0345920899359038,0.0354261457881265,0.00654656061093102,0.021787517316018,0.021787517316018,0.0297297247064606,0.0400048829227059,0.0102751582162453
W3,1980,10,10,0.0296221273641538,0.0503447976850067,0.0207226703208529,0.417574292839769,0.0417574292839769,0.042609816341723,0.0069220730486675,0.0296221273641538,0.0296221273641538,0.0359958100224039,0.0479853767842606,0.0119895667618567
W21,1980,10,10,0.031416271731747,0.0513629631708029,0.0199466914390559,0.438600557313195,0.0438600557313195,0.0455444272727815,0.00642363763854152,0.031416271731747,0.031416271731747,0.0391956946680797,0.0490775291032093,0.0098818344351296
W13,1980,10,10,0.0268265439446266,0.0495128377573235,0.0226862938126969,0.389568432351863,0.0389568432351863,0.0391555561018399,0.00730831025576608,0.0268265439446266,0.0268265439446266,0.0313083954508542,0.0451086435891487,0.0138002481382945
W27,1980,10,10,0.0287688869284461,0.054256423725746,0.0254875367972999,0.417076941987029,0.0417076941987029,0.0414469401002858,0.00786829895236231,0.0287688869284461,0.0287688869284461,0.0346881742589169,0.0461873270105565,0.0114991527516396
W19,1980,10,10,0.0344969585157368,0.0650077253982438,0.030510766882507,0.497067247587431,0.0497067247587431,0.0479351143585293,0.00905863267251946,0.0344969585157368,0.0344969585157368,0.0447573145035074,0.0531350006038087,0.0083776861003013
W2,1980,10,10,0.056553308696796,0.0967287120098865,0.0401754033130905,0.731787985598198,0.0731787985598198,0.0708232790930192,0.0126768732507268,0.056553308696796,0.056553308696796,0.0658859740942712,0.0751648480460665,0.0092788739517953
W11,1980,10,10,0.0421500020548609,0.0785152405335671,0.0363652384787062,0.586459708453947,0.0586459708453947,0.0569208771109578,0.0110401383713983,0.0421500020548609,0.0421500020548609,0.0526272402791743,0.0598292329877248,0.0072019927085505
W26,1980,10,10,0.0352002082079283,0.0658355621177169,0.0306353539097886,0.497798775492276,0.0497798775492276,0.0485277167852094,0.00917969330429558,0.0352002082079283,0.0352002082079283,0.0452677495666904,0.0515145167815387,0.0062467672148483
W20,1980,10,10,0.0448982587473343,0.0793504326221975,0.0344521738748632,0.599403088267714,0.0599403088267714,0.0585312503684872,0.010348717375978,0.0448982587473343,0.0448982587473343,0.0544622174067183,0.0601612348462251,0.0056990174395068
W6,1980,10,10,0.022970068501308,0.0415030705432093,0.0185330020419013,0.350375637315053,0.0350375637315053,0.0372890926082615,0.00580457630986372,0.022970068501308,0.022970068501308,0.0323622733509783,0.0398669885859507,0.0075047152349724
W32,1980,10,10,0.0395523957042753,0.0700080138282157,0.0304556181239404,0.530881234156848,0.0530881234156848,0.0510709997090806,0.00917179379303769,0.0395523957042753,0.0395523957042753,0.0482393166487271,0.0567248940958521,0.008485577447125
W12,1980,10,10,0.0571584544906467,0.0849189806693193,0.0277605261786726,0.685692648719695,0.0685692648719695,0.0684952793516807,0.00861891492433681,0.0571584544906467,0.0571584544906467,0.0624093900878137,0.0710334918638087,0.00862410177599499
W33,1980,10,10,0.0301954862812787,0.0510045059142256,0.0208090196329469,0.419096873610272,0.0419096873610272,0.0427043366690324,0.00655588239446434,0.0301954862812787,0.0301954862812787,0.0384870192795842,0.0471847296735857,0.0086977103940015
W14,1980,10,10,0.0556638276760287,0.0817722551672148,0.0261084274911861,0.705868561078335,0.0705868561078335,0.0727011381989955,0.0077468654661161,0.0556638276760287,0.0556638276760287,0.0627438564942288,0.0746998117574997,0.0119559552632709
W28,1980,10,10,0.0467285227498227,0.069413980304223,0.0226854575544003,0.605501649094443,0.0605501649094443,0.0631815174739263,0.0072911924815387,0.0467285227498227,0.0467285227498227,0.0537819768763954,0.0643739888931705,0.0105920120167751
W23,1980,10,10,0.0393257586127626,0.058614820318585,0.0192890617058224,0.511007412010876,0.0511007412010876,0.053854745415913,0.00662789856064551,0.0393257586127626,0.0393257586127626,0.0458445400464651,0.0551820536585538,0.0093375136120887
W34,1980,10,10,0.0468055630335578,0.0695253903977568,0.022719827364199,0.606493630330073,0.0606493630330073,0.0632734308019275,0.00729889278861823,0.0468055630335578,0.0468055630335578,0.0538646844215686,0.0644756213296201,0.0106109369080515
W37,1980,10,10,0.0424976694953825,0.0627401995268136,0.0202425300314311,0.556792723239354,0.0556792723239354,0.0585042374464399,0.00712130741757759,0.0424976694953825,0.0424976694953825,0.049198043149504,0.0605886700964654,0.0113906269469614
W36,1980,10,10,0.0667203691555182,0.0980569424573329,0.0313365733018147,0.862140838566116,0.0862140838566116,0.0894353630646942,0.00953417149801769,0.0667203691555182,0.0667203691555182,0.0774014743510629,0.0919598073232916,0.0145583329722287
W10,1980,10,10,0.0485825283867592,0.0740801941719833,0.0254976657852241,0.637983465709107,0.0637983465709107,0.0655312055023382,0.00860540103906558,0.0485825283867592,0.0485825283867592,0.0552094674785617,0.0719605867634522,0.0167511192848905
W25,1980,10,10,0.0638591185191209,0.0944275383734785,0.0305684198543576,0.830388793421735,0.0830388793421735,0.0858600078686979,0.00955469305969987,0.0638591185191209,0.0638591185191209,0.0731816643799243,0.0890311535800878,0.0158494892001635
W4,1980,10,10,0.0728002477276881,0.104228397662297,0.0314281499346089,0.897650130477671,0.089765013047767,0.0902360204095196,0.00872426324762597,0.0728002477276881,0.0728002477276881,0.0830641116046531,0.095100404117359,0.0120362925127059
W5,1980,10,10,0.0937555388210808,0.138112492851952,0.0443569540308712,1.17411992980821,0.117411992980821,0.118731611270502,0.0111399653559571,0.0937555388210808,0.0937555388210808,0.114042764596772,0.122814103948272,0.0087713393515
W29,1980,10,10,0.0843312465384133,0.126704561052698,0.0423733145142847,1.082221651996,0.1082221651996,0.111050062709912,0.0111456898850968,0.0843312465384133,0.0843312465384133,0.102104764135916,0.112159148670639,0.010054384534723
W22,1980,10,10,0.0765274724130473,0.113905912899125,0.0373784404860777,0.98473640260829,0.098473640260829,0.101505673328314,0.0103644567407658,0.0765274724130473,0.0765274724130473,0.0911467173715871,0.103308092900154,0.0121613755285669
W17,1980,10,10,0.0742102254987196,0.11068924220704,0.0364790167083204,0.957116255592408,0.0957116255592408,0.0989616041716442,0.0102872890652475,0.0742102254987196,0.0742102254987196,0.0871782119233046,0.100504083545307,0.0133258716220024
W31,1980,10,10,0.0629395422292868,0.093407064909115,0.0304675226798282,0.821332190345851,0.0821332190345851,0.0848018525575748,0.00968402325031652,0.0629395422292868,0.0629395422292868,0.0717308928724373,0.088395922328345,0.0166650294559077
W7,1980,10,10,0.0744860084429681,0.107884904493263,0.0333988960502949,0.935880343502363,0.0935880343502363,0.0953736084002514,0.0102274327918173,0.0744860084429681,0.0744860084429681,0.082598328250583,0.102692574760144,0.020094246509561
W16,1980,10,10,0.0653955863769295,0.097381262192249,0.0319856758153195,0.847817458501381,0.0847817458501381,0.0878709843657224,0.00980008341080297,0.0653955863769295,0.0653955863769295,0.0743231927134153,0.0901700083118455,0.0158468155984302
W24,1980,10,10,0.0973936975157507,0.147246166908493,0.0498524693927423,1.22977230953984,0.122977230953984,0.123969231344139,0.0126475008029819,0.0973936975157507,0.0973936975157507,0.114165517811974,0.129709830352415,0.015544312540441
W9,1980,10,10,0.236311183776706,0.328510285820812,0.092199102044106,2.74613288138062,0.274613288138062,0.26347454637289,0.0262609117660787,0.236311183776706,0.236311183776706,0.258717689663172,0.29819835924233,0.039480669579158
W15,1980,10,10,0.105217050295323,0.167340136598795,0.062123086303472,1.33720553092038,0.133720553092038,0.13141906618451,0.0153017919780419,0.105217050295323,0.105217050295323,0.126645245434095,0.142194764999052,0.015549519564957
W35,1980,10,10,0.101324723061246,0.159237838814714,0.057913115753468,1.28979596837564,0.128979596837564,0.126739843553462,0.0140879997995811,0.101324723061246,0.101324723061246,0.124139345860814,0.135718800453829,0.011579454593015
W8,1980,10,10,0.136696957517415,0.216376319061965,0.07967936154455,1.70918500190601,0.170918500190601,0.166256729164161,0.0202745711331244,0.136696957517415,0.136696957517415,0.16118457634002,0.186836979119107,0.025652402779087
W18,1980,10,10,0.229284689761698,0.325406543444842,0.096121853683144,2.68802471435629,0.268802471435629,0.257062576711177,0.0268291749813498,0.229284689761698,0.229284689761698,0.253748322837055,0.292631322517991,0.038882999680936
W30,1980,10,10,0.193033307499718,0.270227723347489,0.077194415847771,2.23556287112297,0.223556287112297,0.213697962346486,0.0224288594643956,0.193033307499718,0.193033307499718,0.206835381686687,0.242363910132553,0.035528528445866
W1,1990,10,10,0.0269624205927051,0.0421443954110142,0.0151819748183091,0.346428447674645,0.0346428447674645,0.0339389353951745,0.00395498454955473,0.0269624205927051,0.0269624205927051,0.0326303721716001,0.0376086727871245,0.0049783006155244
W3,1990,10,10,0.0340519254178984,0.0479929409726981,0.0139410155547997,0.418276026601491,0.0418276026601491,0.0416914839392024,0.0038551982449457,0.0340519254178984,0.0340519254178984,0.0398389677392878,0.0443332238799437,0.0044942561406559
W21,1990,10,10,0.0349213957704718,0.0495182983629701,0.0145969025924983,0.433095969424345,0.0433095969424345,0.0441088454511513,0.00402833362787869,0.0349213957704718,0.0349213957704718,0.0405619561024841,0.0460646552510807,0.0055026991485966
W13,1990,10,10,0.0274853896321829,0.0450495516561254,0.0175641620239425,0.372398636716958,0.0372398636716958,0.0375655353012678,0.00498681125746602,0.0274853896321829,0.0274853896321829,0.0340661410822226,0.041284339299344,0.0072181982171214
W27,1990,10,10,0.0298149238806213,0.0471658831229427,0.0173509592423214,0.398941323452158,0.0398941323452158,0.0395933383842924,0.0051616087913906,0.0298149238806213,0.0298149238806213,0.0380686962162139,0.0441095576388756,0.0060408614226617
W19,1990,10,10,0.0388450729372393,0.0551419580314686,0.0162968850942293,0.486761618026887,0.0486761618026887,0.0514135219315413,0.00549002662144484,0.0388450729372393,0.0388450729372393,0.0445149801546669,0.0531562193576189,0.008641239202952
W2,1990,10,10,0.0580779646794927,0.0803957219080373,0.0223177572285446,0.715781185465549,0.0715781185465549,0.0747848448809232,0.00844719879158933,0.0580779646794927,0.0580779646794927,0.0635846864121651,0.0797843509741743,0.0161996645620092
W11,1990,10,10,0.0465547515290834,0.0653310369401218,0.0187762854110384,0.572091228900164,0.0572091228900164,0.0613068673644964,0.00681858301937212,0.0465547515290834,0.0465547515290834,0.0513828784856558,0.0625891496285084,0.0112062711428526
W26,1990,10,10,0.0376430550014688,0.055510340113888,0.0178672851124192,0.480555869001486,0.0480555869001486,0.0499922064126951,0.00572846055319985,0.0376430550014688,0.0376430550014688,0.0448095778288692,0.0524717738721623,0.0076621960432931
W20,1990,10,10,0.0467168538534086,0.0662130816469297,0.0194962277935211,0.577935998833414,0.0577935998833414,0.0615123208335591,0.00671509297679905,0.0467168538534086,0.0467168538534086,0.0528668022474507,0.0624718176167393,0.00960501536928859
W6,1990,10,10,0.0274138116122529,0.0377730379307948,0.0103592263185419,0.328828547324514,0.0328828547324514,0.0334691550136382,0.00342719795601052,0.0274138116122529,0.0274138116122529,0.0287457037096217,0.0357385681321216,0.0069928644224999
W32,1990,10,10,0.0398753800686159,0.0587535611871042,0.0188781811184883,0.504495414279919,0.0504495414279919,0.0519697958814875,0.00612872894954495,0.0398753800686159,0.0398753800686159,0.0474066236633008,0.0551040996146975,0.0076974759513967
W12,1990,10,10,0.0541784604570362,0.0730622025254367,0.0188837420684005,0.66114701238511,0.066114701238511,0.0676428868486677,0.00612978865337246,0.0541784604570362,0.0541784604570362,0.0614811119994045,0.0715770548087777,0.0100959428093732
W33,1990,10,10,0.0319160598742279,0.0448186588130354,0.0129025989388075,0.392334869686724,0.0392334869686724,0.0402178209553884,0.00441961075697481,0.0319160598742279,0.0319160598742279,0.0352250848432079,0.0433628273854865,0.0081377425422786
W14,1990,10,10,0.0567624785560334,0.0755608126182212,0.0187983340621878,0.675690783408287,0.0675690783408287,0.0683629863985845,0.00554254725440291,0.0567624785560334,0.0567624785560334,0.0635044899849954,0.0704462377237379,0.0069417477387425
W28,1990,10,10,0.0485380528568878,0.064564411132835,0.0160263582759472,0.57558400038051,0.057558400038051,0.0590243721805239,0.0049657852678647,0.0485380528568878,0.0485380528568878,0.0534215594136267,0.0598408407600476,0.0064192813464209
W23,1990,10,10,0.0411015508130833,0.0541025308187787,0.0130009800056954,0.484058340395186,0.0484058340395186,0.0496609205809543,0.00429840358617722,0.0411015508130833,0.0411015508130833,0.0437079756847775,0.0515442929569406,0.0078363172721631
W34,1990,10,10,0.0486173565732308,0.0646748510771427,0.0160574945039119,0.576548357901624,0.0576548357901624,0.0591163473727642,0.00497327846466812,0.0486173565732308,0.0486173565732308,0.0535246273502703,0.0599400067003437,0.0064153793500734
W37,1990,10,10,0.0455411681030863,0.0596706980092605,0.0141295299061742,0.531036369360748,0.0531036369360748,0.0542665318074164,0.00467859814619182,0.0455411681030863,0.0455411681030863,0.0487842517856141,0.0557091277133021,0.006924875927688
W36,1990,10,10,0.0693311103386798,0.0931488650967364,0.0238177547580566,0.826102920516855,0.0826102920516855,0.0832155059033534,0.00707115820256698,0.0693311103386798,0.0693311103386798,0.0802874770015473,0.0853088392177593,0.00502136221621199
W10,1990,10,10,0.0525028161355289,0.0693924217921444,0.0168896056566155,0.619547620379302,0.0619547620379302,0.0634333779962611,0.00555151993949856,0.0525028161355289,0.0525028161355289,0.0556693662656464,0.0656471753318324,0.009977809066186
W25,1990,10,10,0.0667508986912149,0.089812947346947,0.0230620486557321,0.794780401517128,0.0794780401517128,0.080518030118287,0.00703032729291913,0.0667508986912149,0.0667508986912149,0.0763422884817149,0.0826632226541696,0.0063209341724547
W4,1990,10,10,0.0740036056365792,0.0982535467416304,0.0242499411050512,0.877250917674363,0.0877250917674363,0.0868132712279278,0.00684380398050047,0.0740036056365792,0.0740036056365792,0.0839865699525058,0.093893392836685,0.00990682288417921
W5,1990,10,10,0.10286916464715,0.134139882238228,0.031270717591078,1.20340872381875,0.120340872381875,0.120718324383595,0.00865931472387249,0.10286916464715,0.10286916464715,0.114500817033613,0.123041515822127,0.00854069878851399
W29,1990,10,10,0.091515675111205,0.122267604436286,0.030751929325081,1.08284365206139,0.108284365206139,0.107934749664278,0.00826715562118777,0.091515675111205,0.091515675111205,0.103917020059274,0.110060620085881,0.00614360002660699
W22,1990,10,10,0.0815737914295425,0.109239879873354,0.0276660884438115,0.967989340874119,0.0967989340874119,0.0968737910548411,0.00765896671299814,0.0815737914295425,0.0815737914295425,0.0932460443020027,0.0984853264746707,0.005239282172668
W17,1990,10,10,0.0789820078098206,0.106065773645603,0.0270837658357824,0.939815026092255,0.0939815026092255,0.0942570243577327,0.00759368119829643,0.0789820078098206,0.0789820078098206,0.0896546337413101,0.0962090910018953,0.00655445726058521
W31,1990,10,10,0.0659851812379195,0.0889091382850888,0.0229239570471693,0.785666604220746,0.0785666604220746,0.0797536327445408,0.00712793955398086,0.0659851812379195,0.0659851812379195,0.0750077799893912,0.0820780360372735,0.00707025604788229
W7,1990,10,10,0.0810569466834918,0.105136248703129,0.0240793020196372,0.950501625315809,0.0950501625315809,0.0967920419632569,0.00748480024725988,0.0810569466834918,0.0810569466834918,0.0909624604048372,0.0989802431251009,0.0080177827202637
W16,1990,10,10,0.070372671060479,0.0935919461870959,0.0232192751266169,0.829512141408397,0.0829512141408397,0.0844427166735079,0.00696600669219515,0.070372671060479,0.070372671060479,0.0773536203192777,0.0855020429657539,0.00814842264647619
W24,1990,10,10,0.108598292805254,0.143988499728342,0.035390206923088,1.2883189052809,0.12883189052809,0.13017926341854,0.0104133256296067,0.108598292805254,0.108598292805254,0.122858460138862,0.13373079849407,0.010872338355208
W9,1990,10,10,0.255702145397663,0.366259891384592,0.110557745986929,3.09602122784902,0.309602122784903,0.312156243016943,0.0348811872773618,0.255702145397663,0.255702145397663,0.278477869617442,0.339509719361861,0.061031849744419
W15,1990,10,10,0.125582502999653,0.164808287595709,0.039225784596056,1.4582137929586,0.145821379295861,0.146062675553063,0.0125981453061348,0.125582502999653,0.125582502999653,0.13523415926223,0.159220848853389,0.023986689591159
W35,1990,10,10,0.118566421468383,0.156307417222786,0.037740995754403,1.38371138301712,0.138371138301712,0.13871248147326,0.0113806748690519,0.118566421468383,0.118566421468383,0.129435214350098,0.149533259981445,0.020098045631347
W8,1990,10,10,0.163392761722207,0.224547090474516,0.061154328752309,1.92668980406597,0.192668980406597,0.192160355625674,0.0201370294123439,0.163392761722207,0.163392761722207,0.174377259798348,0.2121646637097,0.037787403911352
W18,1990,10,10,0.252464985474944,0.362419803626835,0.109954818151891,3.04571965988725,0.304571965988725,0.306288871681318,0.0345624375899455,0.252464985474944,0.252464985474944,0.273242184892297,0.331971696577966,0.058729511685669
W30,1990,10,10,0.207280239323154,0.307009425829165,0.099729186506011,2.54345920836204,0.254345920836204,0.255408693541539,0.0316609679169213,0.207280239323154,0.207280239323154,0.225397766567767,0.284299209946766,0.058901443378999
W1,2000,10,10,0.0241432669184475,0.0393236947711552,0.0151804278527077,0.308815714500567,0.0308815714500567,0.0300197315154942,0.00445649964192911,0.0241432669184475,0.0241432669184475,0.0285537636567214,0.0323132491515322,0.0037594854948108
W3,2000,10,10,0.0315051185897801,0.0468277766058214,0.0153226580160413,0.378176127809565,0.0378176127809565,0.0366136743664816,0.00454290573028328,0.0315051185897801,0.0315051185897801,0.0346023053706939,0.0398894053973505,0.0052871000266566
W21,2000,10,10,0.0342753038370997,0.0455904701175298,0.0113151662804301,0.395651244502315,0.0395651244502315,0.0401291563768615,0.00357087780529244,0.0342753038370997,0.0342753038370997,0.0365172319509083,0.0411391309193375,0.0046218989684292
W13,2000,10,10,0.0268862071353298,0.0385649488910144,0.0116787417556846,0.325099622128028,0.0325099622128028,0.0322050470805568,0.00375123841173486,0.0268862071353298,0.0268862071353298,0.0303925970149739,0.0344349413796265,0.0040423443646526
W27,2000,10,10,0.0283899309579278,0.0417467989027494,0.0133568679448216,0.342997825806373,0.0342997825806373,0.0335196848682238,0.00410716455912093,0.0283899309579278,0.0283899309579278,0.0328808973717965,0.0356645928404753,0.0027836954686788
W19,2000,10,10,0.0354816749785362,0.0531876846506696,0.0177060096721334,0.416249669847428,0.0416249669847428,0.0405884247435379,0.00539700967231743,0.0354816749785362,0.0354816749785362,0.0389016893490345,0.0418808378815495,0.002979148532515
W2,2000,10,10,0.0538137616434441,0.0776397109342114,0.0238259492907673,0.616137265868015,0.0616137265868015,0.0589844870458661,0.0071521536556436,0.0538137616434441,0.0538137616434441,0.0555704619813085,0.0647282246112198,0.0091577626299113
W11,2000,10,10,0.0416634036289438,0.0621417513401823,0.0204783477112385,0.483808067677708,0.0483808067677708,0.0467267722929171,0.00621154342587212,0.0416634036289438,0.0416634036289438,0.0440269688688852,0.0497996995595527,0.0057727306906675
W26,2000,10,10,0.0344959346446325,0.0512870393511124,0.0167911047064799,0.408737755701505,0.0408737755701505,0.0397481991861344,0.00501426275183306,0.0344959346446325,0.0344959346446325,0.0386448113357123,0.0410901618572861,0.0024453505215738
W20,2000,10,10,0.0420925567598287,0.0616259489028958,0.0195333921430671,0.494710142535882,0.0494710142535882,0.0476124775508411,0.00570957421320315,0.0420925567598287,0.0420925567598287,0.0454950856149269,0.051142987234825,0.0056479016198981
W6,2000,10,10,0.0247269528141862,0.0357306126970792,0.011003659882893,0.294538827729406,0.0294538827729406,0.029111260878077,0.00346477876706607,0.0247269528141862,0.0247269528141862,0.0260818689130241,0.0315880532725708,0.0055061843595467
W32,2000,10,10,0.0357981076474294,0.052592602411347,0.0167944947639176,0.431592121541709,0.0431592121541709,0.0416694064465268,0.00489529996755851,0.0357981076474294,0.0357981076474294,0.0405853498046779,0.0461950133968066,0.0056096635921287
W12,2000,10,10,0.0521369459252606,0.0705271679849132,0.0183902220596526,0.593112719512119,0.0593112719512119,0.0582066982955414,0.00539654339093841,0.0521369459252606,0.0521369459252606,0.0552475183308152,0.0633554440809999,0.0081079257501847
W33,2000,10,10,0.0290295295594462,0.0413285577081363,0.0122990281486901,0.345649683806685,0.0345649683806685,0.033811270883516,0.00376670049433548,0.0290295295594462,0.0290295295594462,0.0325825126120499,0.0375884314090697,0.0050059187970198
W14,2000,10,10,0.0541202216852726,0.0732960024669316,0.019175780781659,0.616908098080952,0.0616908098080952,0.062559637903023,0.00561838414219876,0.0541202216852726,0.0541202216852726,0.0561791250988026,0.0650297116947312,0.00885058659592859
W28,2000,10,10,0.0455666640062624,0.0630363309282184,0.017469666921956,0.522174800132334,0.0522174800132334,0.0521193639567747,0.00532435318041855,0.0455666640062624,0.0455666640062624,0.0472442248780942,0.0563507681009045,0.0091065432228103
W23,2000,10,10,0.0378864277146635,0.0528893187829218,0.0150028910682583,0.437467020465746,0.0437467020465746,0.0429406519914932,0.00447793910684353,0.0378864277146635,0.0378864277146635,0.0397784735349894,0.0469432453164558,0.0071647717814664
W34,2000,10,10,0.0456315991468724,0.0631439236458387,0.0175123244989663,0.523066568421195,0.0523066568421195,0.052215812960639,0.00533422099921871,0.0456315991468724,0.0456315991468724,0.0473141242982815,0.056450644275173,0.00913651997689149
W37,2000,10,10,0.0412525619195223,0.0583946642005954,0.0171421022810731,0.478559082631282,0.0478559082631282,0.0472575680162838,0.00513437979667628,0.0412525619195223,0.0412525619195223,0.0437289782845059,0.0520596692446037,0.0083306909600978
W36,2000,10,10,0.0627680236939336,0.0910065311472859,0.0282385074533523,0.754996810632288,0.0754996810632288,0.0772574899019669,0.00805228629879176,0.0627680236939336,0.0627680236939336,0.0672808791277925,0.0797773851663803,0.0124965060385878
W10,2000,10,10,0.0460679052048357,0.0676044016145165,0.0215364964096808,0.550340586691158,0.0550340586691158,0.054611019455478,0.00613992957574219,0.0460679052048357,0.0460679052048357,0.0523181878088502,0.0597864869632754,0.0074682991544252
W25,2000,10,10,0.0591881663147316,0.0876370773682488,0.0284489110535172,0.720868218394742,0.0720868218394742,0.0734115100692533,0.00813288163214588,0.0591881663147316,0.0591881663147316,0.063322242422686,0.0767467380166252,0.0134244955939392
W4,2000,10,10,0.0727042357319013,0.0948456764872009,0.0221414407552996,0.813553625430011,0.0813553625430011,0.0823993256320679,0.00646956762878656,0.0727042357319013,0.0727042357319013,0.07499130824833,0.0849718655791978,0.00998055733086779
W5,2000,10,10,0.10114689675366,0.127275071276981,0.026128174523321,1.12182727086894,0.112182727086894,0.111167095669297,0.00895016419307583,0.10114689675366,0.10114689675366,0.104246162693728,0.119422676930241,0.015176514236513
W29,2000,10,10,0.0858119866269205,0.116932163053149,0.0311201764262285,0.998045293984932,0.0998045293984932,0.099706971744476,0.00939135001389186,0.0858119866269205,0.0858119866269205,0.0905987492743066,0.106491643153264,0.0158928938789574
W22,2000,10,10,0.075398033704797,0.105382443854186,0.029984410149389,0.889257867453498,0.0889257867453498,0.0899259144882352,0.00873362862849028,0.075398033704797,0.075398033704797,0.0793514644169291,0.0940898363751063,0.0147383719581772
W17,2000,10,10,0.0724917278735895,0.102464759016653,0.0299730311430635,0.859556039928129,0.0859556039928129,0.0873231754763047,0.00871488430570283,0.0724917278735895,0.0724917278735895,0.0762895367464519,0.0909931755660592,0.0147036388196073
W31,2000,10,10,0.057740655029192,0.0866807836573565,0.0289401286281645,0.709469211142272,0.0709469211142272,0.0720907339709806,0.00828565709265921,0.057740655029192,0.057740655029192,0.0618075261299959,0.0758305369527074,0.0140230108227115
W7,2000,10,10,0.075431353417882,0.101476208015815,0.026044854597933,0.859757541951036,0.0859757541951036,0.0854519240895468,0.00804689269268857,0.075431353417882,0.075431353417882,0.080344170037227,0.0905324583211322,0.0101882882839052
W16,2000,10,10,0.0623508473787155,0.0905555269765331,0.0282046795978176,0.748376496423995,0.0748376496423995,0.0754210235853658,0.00808320418217596,0.0623508473787155,0.0623508473787155,0.0673024222619217,0.0801017694359643,0.0127993471740426
W24,2000,10,10,0.105737934975574,0.136380467098206,0.030642532122632,1.18526721412005,0.118526721412005,0.117107745415221,0.010827114498635,0.105737934975574,0.105737934975574,0.107807739327351,0.128436057517926,0.020628318190575
W9,2000,10,10,0.25642580135415,0.367338804838558,0.110913003484408,2.90818335340979,0.290818335340979,0.282173388327161,0.0320699937894779,0.25642580135415,0.25642580135415,0.268839300299684,0.312574213991563,0.043734913691879
W15,2000,10,10,0.11288214335218,0.154490776980916,0.041608633628736,1.3624161502812,0.13624161502812,0.139159939523475,0.013247940697983,0.11288214335218,0.11288214335218,0.125125030831744,0.146860279142856,0.021735248311112
W35,2000,10,10,0.110221139198265,0.144701745982794,0.034480606784529,1.28923422139981,0.128923422139981,0.130710439489594,0.0119587418522863,0.110221139198265,0.110221139198265,0.119107688198328,0.138243921347005,0.019136233148677
W8,2000,10,10,0.147470638621598,0.204778234940022,0.057307596318424,1.80222832690924,0.180222832690924,0.1803035287885,0.018270891513733,0.147470638621598,0.147470638621598,0.162529475055635,0.198340472299606,0.035810997243971
W18,2000,10,10,0.249681018292904,0.356928796507418,0.107247778214514,2.86321589606814,0.286321589606814,0.278378946590237,0.0309488667360092,0.249681018292904,0.249681018292904,0.26756726205349,0.30774006806314,0.04017280600965
W30,2000,10,10,0.208207339979708,0.31370977422921,0.105502434249502,2.39613814342738,0.239613814342738,0.231642862258014,0.0298040752833356,0.208207339979708,0.208207339979708,0.217018053866923,0.256650416995399,0.039632363128476
W1,2010,10,10,0.0320108070930772,0.0607919986747822,0.028781191581705,0.43291528486588,0.043291528486588,0.0444300554033052,0.00736522166203803,0.0320108070930772,0.0320108070930772,0.0389041546732184,0.0453530826343916,0.0064489279611732
W3,2010,10,10,0.0370227167019301,0.0690384879847973,0.0320157712828672,0.505678057651903,0.0505678057651903,0.0519827873212571,0.0080451157249693,0.0370227167019301,0.0370227167019301,0.0456196302165877,0.0530081250575358,0.0073884948409481
W21,2010,10,10,0.0416278425774304,0.0723488558942615,0.0307210133168311,0.546825105678267,0.0546825105678267,0.0541877352543463,0.00794494997070727,0.0416278425774304,0.0416278425774304,0.051580248820328,0.0577245868152407,0.0061443379949127
W13,2010,10,10,0.0310418052821464,0.0703965937665183,0.0393547884843719,0.488028217237184,0.0488028217237184,0.0490080670354462,0.0101874042193718,0.0310418052821464,0.0310418052821464,0.0441142144195251,0.0526974032690253,0.0085831888495002
W27,2010,10,10,0.0301635659707239,0.0720382416038771,0.0418746756331532,0.497403419729376,0.0497403419729376,0.0503055698063685,0.0107912838765157,0.0301635659707239,0.0301635659707239,0.0443748070392754,0.0532746746903279,0.0088998676510525
W19,2010,10,10,0.0330363041398285,0.0747611915397662,0.0417248873999377,0.534064160263584,0.0534064160263584,0.0552546217804305,0.0108203867823673,0.0330363041398285,0.0330363041398285,0.0470447862484115,0.0584359572119705,0.011391170963559
W2,2010,10,10,0.0422603345553695,0.0918861178215588,0.0496257832661893,0.687871335345936,0.0687871335345936,0.0697574003715994,0.0133802183395197,0.0422603345553695,0.0422603345553695,0.0615408068988467,0.0790955125509447,0.017554705652098
W11,2010,10,10,0.034153357812816,0.0818107679276017,0.0476574101147857,0.589236159916729,0.0589236159916729,0.0605920229652877,0.0126644690323099,0.034153357812816,0.034153357812816,0.0516288487239779,0.0661464075887993,0.0145175588648214
W26,2010,10,10,0.0317352814632032,0.0767355425240252,0.045000261060822,0.539879585101827,0.0539879585101827,0.0556467720912347,0.0116525591276649,0.0317352814632032,0.0317352814632032,0.0476611133744806,0.0587443671371836,0.011083253762703
W20,2010,10,10,0.0361056060183516,0.0832953407214445,0.0471897347030929,0.601481589234787,0.0601481589234787,0.0613885191652957,0.0122836195871544,0.0361056060183516,0.0361056060183516,0.0535704739697855,0.066826706442818,0.0132562324730325
W6,2010,10,10,0.0277886722663723,0.0599275948479766,0.0321389225816043,0.419110482733226,0.0419110482733226,0.0411005608815073,0.00815210833151598,0.0277886722663723,0.0277886722663723,0.0389760480417556,0.0447850199804325,0.0058089719386769
W32,2010,10,10,0.0329316011497862,0.0790258831623024,0.0460942820125162,0.557294213231326,0.0557294213231326,0.0564914917675688,0.0118797404738229,0.0329316011497862,0.0329316011497862,0.0497259394874455,0.0608022839663324,0.0110763444788869
W12,2010,10,10,0.0463039073996479,0.0859940893495223,0.0396901819498744,0.65741893206334,0.065741893206334,0.0660367620394887,0.0100487737381936,0.0463039073996479,0.0463039073996479,0.0602917106368557,0.0730524745124223,0.0127607638755666
W33,2010,10,10,0.0298170976975194,0.0678545936593579,0.0380374959618385,0.473889071437531,0.0473889071437531,0.0467661061407987,0.00961127255085367,0.0298170976975194,0.0298170976975194,0.0429666462907653,0.0505434082325188,0.0075767619417535
W14,2010,10,10,0.0469607020167256,0.0838730628063202,0.0369123607895946,0.655509265642014,0.0655509265642014,0.0657692700775536,0.00925217722611261,0.0469607020167256,0.0469607020167256,0.0595164519400068,0.0718876894364302,0.0123712374964234
W28,2010,10,10,0.0402466285573458,0.0775255589935897,0.0372789304362439,0.587100549801187,0.0587100549801187,0.0592669914685725,0.00913728803184652,0.0402466285573458,0.0402466285573458,0.0533791383150419,0.0626727840001896,0.00929364568514769
W23,2010,10,10,0.0355562354518026,0.0711691803270777,0.0356129448752751,0.525372331664648,0.0525372331664648,0.0525903987747831,0.00873097967812926,0.0355562354518026,0.0355562354518026,0.0479318183495541,0.0553375153291315,0.00740569697957739
W34,2010,10,10,0.0402957778424019,0.0775906490162011,0.0372948711737992,0.587744654039846,0.0587744654039846,0.0593373723677354,0.00914165608368598,0.0402957778424019,0.0402957778424019,0.0534356404095883,0.0627484370488668,0.0093127966392785
W37,2010,10,10,0.0374715737906179,0.0737808163256199,0.036309242535002,0.555398984652433,0.0555398984652433,0.0563690461846026,0.00879229706296557,0.0374715737906179,0.0374715737906179,0.0511120076698177,0.0580802034674736,0.0069681957976559
W36,2010,10,10,0.0535158868879074,0.0941617530770597,0.0406458661891523,0.754795260989336,0.0754795260989336,0.0772626493417187,0.0104918502601575,0.0535158868879074,0.0535158868879074,0.0682009479496624,0.0819718736456703,0.0137709256960079
W10,2010,10,10,0.0403075795729814,0.0834948280826208,0.0431872485096394,0.634295517269488,0.0634295517269488,0.0659550200798544,0.0106335859985111,0.0403075795729814,0.0403075795729814,0.0574600973050106,0.0690807871142167,0.0116206898092061
W25,2010,10,10,0.0504175643132168,0.0935949536494939,0.0431773893362771,0.738349536254957,0.0738349536254957,0.0753982853676151,0.0108455424082385,0.0504175643132168,0.0504175643132168,0.0664898185353237,0.0794810308427928,0.0129912123074691
W4,2010,10,10,0.0633325837278281,0.0961567839007581,0.03282420017293,0.796741858487118,0.0796741858487118,0.0795861137921083,0.00893679628557427,0.0633325837278281,0.0633325837278281,0.0744059829039031,0.0826970684965773,0.0082910855926742
W5,2010,10,10,0.0918441183944567,0.130069565043674,0.0382254466492173,1.06537942481097,0.106537942481097,0.102832051833277,0.0117640025995481,0.0918441183944567,0.0918441183944567,0.0970921089856833,0.112574258589927,0.0154821496042437
W29,2010,10,10,0.0758640943513421,0.11428380458629,0.0384197102349479,0.955155583203562,0.0955155583203562,0.0922727144935399,0.0111282529670747,0.0758640943513421,0.0758640943513421,0.0897971270001471,0.10178661830836,0.0119894913082129
W22,2010,10,10,0.0656891057887293,0.105218241475074,0.0395291356863447,0.864995978756146,0.0864995978756146,0.086187933350991,0.0105993740509245,0.0656891057887293,0.0656891057887293,0.0803492557828314,0.0917478898141785,0.0113986340313471
W17,2010,10,10,0.063105835217162,0.10432905406817,0.041223218851008,0.847833197029405,0.0847833197029405,0.0854707148221878,0.0107341680256154,0.063105835217162,0.063105835217162,0.0783733384700045,0.0899196866220642,0.0115463481520597
W31,2010,10,10,0.0490935873240228,0.0939130010083315,0.0448194136843087,0.73500479132053,0.073500479132053,0.0751859084703023,0.0111475142915314,0.0490935873240228,0.0490935873240228,0.0660262426827099,0.0785393393598494,0.0125130966771395
W7,2010,10,10,0.0675912381748469,0.11138763362139,0.0437963954465431,0.895903419483943,0.0895903419483943,0.0889010789322116,0.0108360612106715,0.0675912381748469,0.0675912381748469,0.0853878819418235,0.0948627814043004,0.0094748994624769
W16,2010,10,10,0.054044990177023,0.0985263586180283,0.0444813684410053,0.777166025267153,0.0777166025267153,0.0786756357497225,0.0109663331657254,0.054044990177023,0.054044990177023,0.0709753895533769,0.0828407331755375,0.0118653436221606
W24,2010,10,10,0.0978756409604097,0.137153218345096,0.0392775773846863,1.14558947691694,0.114558947691694,0.110344160309371,0.0128960082248038,0.0978756409604097,0.0978756409604097,0.105895649952192,0.12148427668338,0.015588626731188
W9,2010,10,10,0.211262243334204,0.331783746679624,0.12052150334542,2.6843301646101,0.26843301646101,0.276975640639041,0.0360757357837477,0.211262243334204,0.211262243334204,0.237329439880947,0.291412464653453,0.054083024772506
W15,2010,10,10,0.102887478657067,0.169239084624375,0.066351605967308,1.28124004194978,0.128124004194978,0.127645708930988,0.0189366249444408,0.102887478657067,0.102887478657067,0.112060629801514,0.136234481663754,0.02417385186224
W35,2010,10,10,0.10201660964933,0.156658585789511,0.054641976140181,1.21451266222326,0.121451266222326,0.120561101781567,0.0163727981412773,0.10201660964933,0.10201660964933,0.107930925494714,0.129130996345811,0.021200070851097
W8,2010,10,10,0.12937323260121,0.219600981799885,0.090227749198675,1.66148310806602,0.166148310806602,0.170437690569088,0.0259572599606463,0.12937323260121,0.12937323260121,0.141769390553236,0.175544284982607,0.033774894429371
W18,2010,10,10,0.204587707761675,0.330564310774207,0.125976603012532,2.63035629154183,0.263035629154183,0.273022764944472,0.0374768218461971,0.204587707761675,0.204587707761675,0.229542647022754,0.285356064327061,0.055813417304307
W30,2010,10,10,0.171563817188144,0.27915481547825,0.107590998290106,2.21197987216874,0.221197987216874,0.227594804076943,0.0320100953818819,0.171563817188144,0.171563817188144,0.195194134517806,0.23922632902395,0.044032194506144
W1,2020,6,6,0.0175976928148877,0.046638932389517,0.0290412395746293,0.215699221657508,0.0359498702762513,0.0376719595127112,0.00923446148929035,0.0175976928148877,0.0175976928148877,0.033463299972936,0.0426553774547445,0.0091920774818085
W3,2020,6,6,0.0184920827476568,0.0527366676429426,0.0342445848952858,0.236491772571904,0.0394152954286507,0.0408160200798737,0.0107403819202958,0.0184920827476568,0.0184920827476568,0.0367272209836788,0.0469037610378785,0.0101765400541997
W21,2020,6,6,0.0219410227829879,0.0661456858826083,0.0442046630996204,0.290743288794787,0.0484572147991312,0.0495256327475942,0.0139153734232938,0.0219410227829879,0.0219410227829879,0.0444645755608071,0.0591407390731958,0.0146761635123887
W13,2020,6,6,0.0190090114608805,0.0587776084872064,0.0397685970263259,0.24705076691095,0.0411751278184917,0.0418376519436378,0.0122193883718029,0.0190090114608805,0.0190090114608805,0.0365692595554926,0.049019583520095,0.0124503239646024
W27,2020,6,6,0.0174754508334439,0.0540412564296269,0.036565805596183,0.225990135702884,0.0376650226171472,0.0381466456456104,0.011157004062765,0.0174754508334439,0.0174754508334439,0.0336406609858382,0.0445394761627536,0.0108988151769154
W19,2020,6,6,0.018023187249118,0.053840068299993,0.035816881050875,0.239424499308326,0.0399040832180544,0.0409939554714999,0.0110488206509206,0.018023187249118,0.018023187249118,0.0387363641372015,0.046836968679014,0.0081006045418125
W2,2020,6,6,0.0232070741864536,0.0733867088177545,0.0501796346313009,0.331382553752819,0.0552304256254698,0.0573164794089578,0.0156967258138675,0.0232070741864536,0.0232070741864536,0.0546822160637621,0.0654735958669331,0.010791379803171
W11,2020,6,6,0.0191381125814105,0.0594835200765232,0.0403454074951127,0.265487790748933,0.0442479651248221,0.0459469973282044,0.0124759084354523,0.0191381125814105,0.0191381125814105,0.0430647005863647,0.0519074628482257,0.008842762261861
W26,2020,6,6,0.0175298511965717,0.0543377796291526,0.0368079284325809,0.233005803824197,0.0388343006373662,0.0396506750202406,0.011218143472775,0.0175298511965717,0.0175298511965717,0.0361329300211437,0.045703892936848,0.0095709629157043
W20,2020,6,6,0.0201721024356738,0.0638049176627087,0.0436328152270349,0.275133653993917,0.0458556089989862,0.046851590767525,0.0133306764009715,0.0201721024356738,0.0201721024356738,0.0432613379170973,0.0541921144433874,0.0109307765262901
W6,2020,6,6,0.0162551286921366,0.0468842972380415,0.0306291685459049,0.213096891675374,0.0355161486125624,0.0352126591023984,0.00997515428826572,0.0162551286921366,0.0162551286921366,0.0342827216178794,0.0452494259225199,0.0109667043046405
W32,2020,6,6,0.0193026760950918,0.0613609505412403,0.0420582744461485,0.25648300636644,0.04274716772774,0.0430430065204319,0.0127835495570749,0.0193026760950918,0.0193026760950918,0.0389642716383293,0.0507690950509146,0.0118048234125853
W12,2020,6,6,0.0234290023637196,0.0715881902901734,0.0481591879264538,0.31513752448787,0.0525229207479783,0.0533207211460917,0.0151394093607763,0.0234290023637196,0.0234290023637196,0.0491846371086528,0.0642942524331405,0.0151096153244877
W33,2020,6,6,0.0176402405186774,0.0519945247781979,0.0343542842595205,0.229638256488068,0.0382730427480113,0.0384137294452251,0.0108777434294753,0.0176402405186774,0.0176402405186774,0.0356593564559867,0.0475166758447555,0.0118573193887688
W14,2020,6,6,0.0244057684267828,0.0699659598381494,0.0455601914113666,0.328811724503188,0.0548019540838646,0.0578716886764903,0.0150637080264619,0.0244057684267828,0.0244057684267828,0.0511359496643868,0.0675606692208882,0.0164247195565014
W28,2020,6,6,0.0231545780048037,0.0646351718196486,0.0414805938148449,0.303477628171108,0.0505796046951846,0.0526321664777027,0.0135346244903354,0.0231545780048037,0.0231545780048037,0.0485815781203814,0.0618419672708686,0.0132603891504872
W23,2020,6,6,0.0206243664550422,0.0575207084478185,0.0368963419927763,0.270339023517523,0.0450565039195871,0.046147183795135,0.012184431574375,0.0206243664550422,0.0206243664550422,0.0435252119563552,0.0563743690680366,0.0128491571116814
W34,2020,6,6,0.0231818160973484,0.0647125465329731,0.0415307304356247,0.303834668535271,0.0506391114225451,0.0527025755145583,0.0135492479157678,0.0231818160973484,0.0231818160973484,0.0486360875074747,0.0618990673683579,0.0132629798608832
W37,2020,6,6,0.0225549496200647,0.0633146861865024,0.0407597365664377,0.295554847233102,0.049259141205517,0.051466463453035,0.0131111948221613,0.0225549496200647,0.0225549496200647,0.0473537287769003,0.0593985557435645,0.0120448269666642
W36,2020,6,6,0.0296097190584982,0.0845542508177457,0.0549445317592475,0.393272779358082,0.065545463226347,0.0706273367977694,0.0175431784047356,0.0296097190584982,0.0296097190584982,0.0618446709704581,0.0760094649158413,0.0141647939453832
W10,2020,6,6,0.0264635738567445,0.0727413564454761,0.0462777825887316,0.339385253129873,0.0565642088549789,0.0600949670479163,0.0145251505142569,0.0264635738567445,0.0264635738567445,0.0553869981522434,0.0646033905795769,0.0092163924273335
W25,2020,6,6,0.0298528419164493,0.0845824100168253,0.054729568100376,0.393235903865913,0.0655393173109855,0.0706544949286569,0.0173795002146004,0.0298528419164493,0.0298528419164493,0.0621921871049795,0.0752994749703452,0.0131072878653657
W4,2020,6,6,0.0298371937305611,0.0851876776102537,0.0553504838796926,0.400388204826436,0.0667313674710726,0.0706456562975157,0.0185006553835434,0.0298371937305611,0.0298371937305611,0.0608725344224899,0.0831994864680995,0.0223269520456096
W5,2020,6,6,0.0475590679202837,0.120492736576794,0.0729336686565103,0.56857049715278,0.0947617495254633,0.0965019085464783,0.0240624420950878,0.0475590679202837,0.0475590679202837,0.0903698915042823,0.117144984058463,0.0267750925541807
W29,2020,6,6,0.0415358493021376,0.109653589117921,0.0681177398157834,0.513574043360906,0.0855956738934843,0.0895533021090029,0.0219060304586116,0.0415358493021376,0.0415358493021376,0.0814120593427334,0.101865941380108,0.0204538820373746
W22,2020,6,6,0.0360263961814964,0.0981979326535421,0.0621715364720457,0.458148668926066,0.0763581114876777,0.0809599148552971,0.0198973999528191,0.0360263961814964,0.0360263961814964,0.0722581721631475,0.0897463382172861,0.0174881660541386
W17,2020,6,6,0.0391179209698856,0.104542778465372,0.0654248574954864,0.496054626023548,0.0826757710039247,0.0864430493673743,0.0212956658639499,0.0391179209698856,0.0391179209698856,0.07975600047302,0.099751827380522,0.019995826907502
W31,2020,6,6,0.0302269605454051,0.0852811518125231,0.055054191267118,0.39637375011807,0.066062291686345,0.0712898480123836,0.0174304512007323,0.0302269605454051,0.0302269605454051,0.0628668123972597,0.0754191293381151,0.0125523169408554
W7,2020,6,6,0.046162952568699,0.116070182016202,0.069907229447503,0.559963645655438,0.0933272742759063,0.094575286636586,0.0232197940314118,0.046162952568699,0.046162952568699,0.09316786412819,0.115412073669175,0.022244209540985
W16,2020,6,6,0.0363859517919244,0.0968987772052099,0.0605128254132855,0.4592172996951,0.07653621661585,0.0801758620091652,0.0194642710862288,0.0363859517919244,0.0363859517919244,0.0746732507673961,0.0909075959122393,0.0162343451448432
W24,2020,6,6,0.0666607148790105,0.172830028304209,0.106169313425198,0.792237270157781,0.132039545026297,0.13186626008246,0.0334979859130673,0.0666607148790105,0.0666607148790105,0.12905165584137,0.159962350968271,0.030910695126901
W9,2020,6,6,0.155643293789277,0.418549237151941,0.262905943362664,1.77403979290587,0.295673298817645,0.292520692610802,0.0794451258728853,0.155643293789277,0.155643293789277,0.271167072933167,0.343638803809881,0.072471730876714
W15,2020,6,6,0.0635052572470154,0.15748809153835,0.0939828342913346,0.713436041260136,0.118906006876689,0.11891507039157,0.0300140436961684,0.0635052572470154,0.0635052572470154,0.108934148369978,0.145678403321653,0.036744254951675
W35,2020,6,6,0.0593094415497727,0.146736126107532,0.0874266845577593,0.677852172292054,0.112975362048676,0.113561870589591,0.0282556615501071,0.0593094415497727,0.0593094415497727,0.105139123419425,0.139543740036141,0.034404616616716
W8,2020,6,6,0.0886776340194042,0.232230200432241,0.143552566412837,1.0026638059644,0.1671106343274,0.166924204910174,0.0444010280684821,0.0886776340194042,0.0886776340194042,0.150546864955686,0.197360696736723,0.046813831781037
W18,2020,6,6,0.14851970039308,0.398497425019741,0.249977724626661,1.6852622567676,0.2808770427946,0.27826888859272,0.0757333687673555,0.14851970039308,0.14851970039308,0.255255113821476,0.326452240347862,0.071197126526386
W30,2020,6,6,0.124675118495361,0.337188162375241,0.21251304387988,1.41647752287827,0.236079587146378,0.234942075268918,0.0638663922969779,0.124675118495361,0.124675118495361,0.214077836310025,0.270652255159803,0.056574418849778
